<beans xmlns="http://www.springframework.org/schema/beans"
	xmlns:xsi="http://www.w3.org/2001/XMLSchema-instance" xmlns:aop="http://www.springframework.org/schema/aop"
	xmlns:context="http://www.springframework.org/schema/context" xmlns:tx="http://www.springframework.org/schema/tx"
	xsi:schemaLocation="http://www.springframework.org/schema/beans http://www.springframework.org/schema/beans/spring-beans-3.0.xsd
		http://www.springframework.org/schema/aop http://www.springframework.org/schema/aop/spring-aop-3.0.xsd
		http://www.springframework.org/schema/context http://www.springframework.org/schema/context/spring-context-3.0.xsd
		http://www.springframework.org/schema/tx http://www.springframework.org/schema/tx/spring-tx-3.0.xsd"
	default-autowire="byName">

	<context:annotation-config />
	<tx:annotation-driven />
	<context:component-scan base-package="catalog" />

	<bean id="transactionManager"
		class="org.springframework.jdbc.datasource.DataSourceTransactionManager">
		<property name="dataSource" ref="dataSource" />
	</bean>


	<bean id="sqlSessionFactory" class="org.mybatis.spring.SqlSessionFactoryBean">
		<property name="mapperLocations"
			value="classpath:*.xml" />
		<property name="dataSource" ref="dataSource" />
		<property name="transactionFactory" ref="springManagedTransactionFactory" />
	</bean>

	<bean class="org.mybatis.spring.transaction.SpringManagedTransactionFactory"
		id="springManagedTransactionFactory">
	</bean>
	
	<bean id="dataSource"
		class="org.springframework.jdbc.datasource.DriverManagerDataSource">
		<property name="driverClassName" value="com.mysql.jdbc.Driver" />
		<property name="url" value="jdbc:mysql://localhost:3306/autentia" />
		<property name="username" value="root" />
		<property name="password" value="135790" />
	</bean>

	<bean id="CourseMapper" class="org.mybatis.spring.mapper.MapperFactoryBean">
		<property name="mapperInterface" value="catalog.dao.CourseMapper" />
		<property name="sqlSessionFactory" ref="sqlSessionFactory" />
	</bean>
	<bean id="TeacherMapper" class="org.mybatis.spring.mapper.MapperFactoryBean">
		<property name="mapperInterface" value="catalog.dao.TeacherMapper" />
		<property name="sqlSessionFactory" ref="sqlSessionFactory" />
	</bean>

</beans>