<?xml version="1.0" encoding="UTF-8"?>
<!DOCTYPE mapper
  PUBLIC "-//mybatis.org//DTD Mapper 3.0//EN"
	"http://mybatis.org/dtd/mybatis-3-mapper.dtd">

<mapper namespace="Course">
	
	<resultMap id="result" type="Course">
	    <result property="active" column="is_active"/>
	    <result property="teacherID" column="teacher"/>
	    <result property="title" column="title"/>
	    <result property="hours" column="hours"/>
	    <result property="level" column="lvl"/>
    </resultMap>
	
    <select id="selectActives" resultMap="result">
		select * from courses where is_active=1
    </select>

    <insert id="insert" parameterType="Course">
		insert into courses 	(title, lvl, hours, teacher, is_active)
		values (#{title}, #{level}, #{hours}, #{teacherID}, #{active})
      <selectKey keyProperty="id" resultType="int" order="AFTER">
		select last_insert_id() as id
	  </selectKey>
    </insert>

</mapper>